{"resourceType":"CodeSystem","id":"common-colors","text":{"status":"generated","div":"<div xmlns=\"http://www.w3.org/1999/xhtml\"><p class=\"res-header-id\"><b>Generated Narrative: CodeSystem common-colors</b></p><a name=\"common-colors\"> </a><a name=\"hccommon-colors\"> </a><p>This case-sensitive code system <code>http://topology.health/CodeSystem/common-colors</code> defines the following codes in a Is-A hierarchy:</p><table class=\"codes\"><tr><td style=\"white-space:nowrap\"><b>Code</b></td><td><b>Display</b></td><td><b>Definition</b></td></tr><tr><td style=\"white-space:nowrap\">RED<a name=\"common-colors-RED\"> </a></td><td>Red</td><td>The color red</td></tr><tr><td style=\"white-space:nowrap\">BLUE<a name=\"common-colors-BLUE\"> </a></td><td>Blue</td><td>The color blue</td></tr><tr><td style=\"white-space:nowrap\">GREEN<a name=\"common-colors-GREEN\"> </a></td><td>Green</td><td>The color green</td></tr><tr><td style=\"white-space:nowrap\">YELLOW<a name=\"common-colors-YELLOW\"> </a></td><td>Yellow</td><td>The color yellow</td></tr><tr><td style=\"white-space:nowrap\">PURPLE<a name=\"common-colors-PURPLE\"> </a></td><td>Purple</td><td>The color purple</td></tr><tr><td style=\"white-space:nowrap\">ORANGE<a name=\"common-colors-ORANGE\"> </a></td><td>Orange</td><td>The color orange</td></tr><tr><td style=\"white-space:nowrap\">PINK<a name=\"common-colors-PINK\"> </a></td><td>Pink</td><td>The color pink</td></tr><tr><td style=\"white-space:nowrap\">BROWN<a name=\"common-colors-BROWN\"> </a></td><td>Brown</td><td>The color brown</td></tr><tr><td style=\"white-space:nowrap\">BLACK<a name=\"common-colors-BLACK\"> </a></td><td>Black</td><td>The color black</td></tr><tr><td style=\"white-space:nowrap\">WHITE<a name=\"common-colors-WHITE\"> </a></td><td>White</td><td>The color white</td></tr></table></div>"},"url":"http://topology.health/CodeSystem/common-colors","version":"0.1.0","name":"CommonColors","title":"Common Colors","status":"active","experimental":true,"date":"2024-01-01","publisher":"Topology Health","contact":[{"name":"Topology Health","telecom":[{"system":"url","value":"https://topology.health/"},{"system":"email","value":"help@topology.health"}]}],"description":"A code system containing common color names that can be used to describe a patient's favorite color.","caseSensitive":true,"hierarchyMeaning":"is-a","content":"complete","count":10,"concept":[{"code":"RED","display":"Red","definition":"The color red"},{"code":"BLUE","display":"Blue","definition":"The color blue"},{"code":"GREEN","display":"Green","definition":"The color green"},{"code":"YELLOW","display":"Yellow","definition":"The color yellow"},{"code":"PURPLE","display":"Purple","definition":"The color purple"},{"code":"ORANGE","display":"Orange","definition":"The color orange"},{"code":"PINK","display":"Pink","definition":"The color pink"},{"code":"BROWN","display":"Brown","definition":"The color brown"},{"code":"BLACK","display":"Black","definition":"The color black"},{"code":"WHITE","display":"White","definition":"The color white"}]}