<?xml version="1.0" encoding="UTF-8"?>

<CodeSystem xmlns="http://hl7.org/fhir">
  <id value="common-colors"/>
  <text>
    <status value="generated"/><div xmlns="http://www.w3.org/1999/xhtml"><p class="res-header-id"><b>Generated Narrative: CodeSystem common-colors</b></p><a name="common-colors"> </a><a name="hccommon-colors"> </a><p>This case-sensitive code system <code>http://topology.health/CodeSystem/common-colors</code> defines the following codes in a Is-A hierarchy:</p><table class="codes"><tr><td style="white-space:nowrap"><b>Code</b></td><td><b>Display</b></td><td><b>Definition</b></td></tr><tr><td style="white-space:nowrap">RED<a name="common-colors-RED"> </a></td><td>Red</td><td>The color red</td></tr><tr><td style="white-space:nowrap">BLUE<a name="common-colors-BLUE"> </a></td><td>Blue</td><td>The color blue</td></tr><tr><td style="white-space:nowrap">GREEN<a name="common-colors-GREEN"> </a></td><td>Green</td><td>The color green</td></tr><tr><td style="white-space:nowrap">YELLOW<a name="common-colors-YELLOW"> </a></td><td>Yellow</td><td>The color yellow</td></tr><tr><td style="white-space:nowrap">PURPLE<a name="common-colors-PURPLE"> </a></td><td>Purple</td><td>The color purple</td></tr><tr><td style="white-space:nowrap">ORANGE<a name="common-colors-ORANGE"> </a></td><td>Orange</td><td>The color orange</td></tr><tr><td style="white-space:nowrap">PINK<a name="common-colors-PINK"> </a></td><td>Pink</td><td>The color pink</td></tr><tr><td style="white-space:nowrap">BROWN<a name="common-colors-BROWN"> </a></td><td>Brown</td><td>The color brown</td></tr><tr><td style="white-space:nowrap">BLACK<a name="common-colors-BLACK"> </a></td><td>Black</td><td>The color black</td></tr><tr><td style="white-space:nowrap">WHITE<a name="common-colors-WHITE"> </a></td><td>White</td><td>The color white</td></tr></table></div>
  </text>
  <url value="http://topology.health/CodeSystem/common-colors"/>
  <version value="0.1.0"/>
  <name value="CommonColors"/>
  <title value="Common Colors"/>
  <status value="active"/>
  <experimental value="true"/>
  <date value="2024-01-01"/>
  <publisher value="Topology Health"/>
  <contact>
    <name value="Topology Health"/>
    <telecom>
      <system value="url"/>
      <value value="https://topology.health/"/>
    </telecom>
    <telecom>
      <system value="email"/>
      <value value="help@topology.health"/>
    </telecom>
  </contact>
  <description value="A code system containing common color names that can be used to describe a patient's favorite color."/>
  <caseSensitive value="true"/>
  <hierarchyMeaning value="is-a"/>
  <content value="complete"/>
  <count value="10"/>
  <concept>
    <code value="RED"/>
    <display value="Red"/>
    <definition value="The color red"/>
  </concept>
  <concept>
    <code value="BLUE"/>
    <display value="Blue"/>
    <definition value="The color blue"/>
  </concept>
  <concept>
    <code value="GREEN"/>
    <display value="Green"/>
    <definition value="The color green"/>
  </concept>
  <concept>
    <code value="YELLOW"/>
    <display value="Yellow"/>
    <definition value="The color yellow"/>
  </concept>
  <concept>
    <code value="PURPLE"/>
    <display value="Purple"/>
    <definition value="The color purple"/>
  </concept>
  <concept>
    <code value="ORANGE"/>
    <display value="Orange"/>
    <definition value="The color orange"/>
  </concept>
  <concept>
    <code value="PINK"/>
    <display value="Pink"/>
    <definition value="The color pink"/>
  </concept>
  <concept>
    <code value="BROWN"/>
    <display value="Brown"/>
    <definition value="The color brown"/>
  </concept>
  <concept>
    <code value="BLACK"/>
    <display value="Black"/>
    <definition value="The color black"/>
  </concept>
  <concept>
    <code value="WHITE"/>
    <display value="White"/>
    <definition value="The color white"/>
  </concept>
</CodeSystem>