[
  {
    "id" : "common-colors",
    "type" : "CodeSystem",
    "url" : "http://topology.health/CodeSystem/common-colors",
    "version" : "0.1.0",
    "name" : "CommonColors"
  },
  {
    "id" : "ig.prompt.library",
    "type" : "ImplementationGuide",
    "url" : "http://topology.health/ImplementationGuide/ig.prompt.library",
    "version" : "0.1.0",
    "name" : "FHIRIGpromptLibrary"
  },
  {
    "id" : "MyPatient",
    "type" : "StructureDefinition",
    "url" : "http://topology.health/StructureDefinition/MyPatient",
    "version" : "0.1.0",
    "name" : "MyPatient"
  },
  {
    "id" : "patient-favorite-color",
    "type" : "StructureDefinition",
    "url" : "http://topology.health/StructureDefinition/patient-favorite-color",
    "version" : "0.1.0",
    "name" : "PatientFavoriteColor"
  },
  {
    "id" : "favorite-colors",
    "type" : "ValueSet",
    "url" : "http://topology.health/ValueSet/favorite-colors",
    "version" : "0.1.0",
    "name" : "FavoriteColors"
  }
]
