{
  "resourceType" : "ValueSet",
  "id" : "favorite-colors",
  "text" : {
    "status" : "generated",
    "div" : "<div xmlns=\"http://www.w3.org/1999/xhtml\"><p class=\"res-header-id\"><b>Generated Narrative: ValueSet favorite-colors</b></p><a name=\"favorite-colors\"> </a><a name=\"hcfavorite-colors\"> </a><ul><li>Include all codes defined in <a href=\"CodeSystem-common-colors.html\"><code>http://topology.health/CodeSystem/common-colors</code></a></li></ul></div>"
  },
  "url" : "http://topology.health/ValueSet/favorite-colors",
  "version" : "0.1.0",
  "name" : "FavoriteColors",
  "title" : "Favorite Colors",
  "status" : "active",
  "experimental" : true,
  "date" : "2024-01-01",
  "publisher" : "Topology Health",
  "contact" : [{
    "name" : "Topology Health",
    "telecom" : [{
      "system" : "url",
      "value" : "https://topology.health/"
    },
    {
      "system" : "email",
      "value" : "help@topology.health"
    }]
  }],
  "description" : "A value set containing common colors that can be used to specify a patient's favorite color.",
  "compose" : {
    "include" : [{
      "system" : "http://topology.health/CodeSystem/common-colors"
    }]
  }
}