{
  "resourceType" : "Bundle",
  "id" : "4d0a3e10-a525-4e81-b2f4-f603e18043a2",
  "meta" : {
    "lastUpdated" : "2025-09-18T12:32:37.784+00:00"
  },
  "type" : "collection",
  "entry" : [{
    "fullUrl" : "http://topology.health/ValueSet/favorite-colors",
    "resource" : {
      "resourceType" : "ValueSet",
      "text" : {
        "status" : "generated",
        "div" : "<div xmlns=\"http://www.w3.org/1999/xhtml\"><p class=\"res-header-id\"/><p style=\"border: black 1px dotted; background-color: #EEEEEE; padding: 8px; margin-bottom: 8px\">Expansion performed internally based on <a href=\"CodeSystem-common-colors.html\">codesystem Common Colors v0.1.0 (CodeSystem)</a></p><p>This value set contains 10 concepts</p><table class=\"codes\"><tr><td style=\"white-space:nowrap\"><b>Code</b></td><td><b>System</b></td><td><b>Display</b></td><td><b>Definition</b></td></tr><tr><td style=\"white-space:nowrap\"><a name=\"x-http://topology.health/CodeSystem/common-colors-RED\"> </a>\u00a0\u00a0<a href=\"CodeSystem-common-colors.html#common-colors-RED\">RED</a></td><td>http://topology.health/CodeSystem/common-colors</td><td>Red</td><td>The color red</td></tr><tr><td style=\"white-space:nowrap\"><a name=\"x-http://topology.health/CodeSystem/common-colors-BLUE\"> </a>\u00a0\u00a0<a href=\"CodeSystem-common-colors.html#common-colors-BLUE\">BLUE</a></td><td>http://topology.health/CodeSystem/common-colors</td><td>Blue</td><td>The color blue</td></tr><tr><td style=\"white-space:nowrap\"><a name=\"x-http://topology.health/CodeSystem/common-colors-GREEN\"> </a>\u00a0\u00a0<a href=\"CodeSystem-common-colors.html#common-colors-GREEN\">GREEN</a></td><td>http://topology.health/CodeSystem/common-colors</td><td>Green</td><td>The color green</td></tr><tr><td style=\"white-space:nowrap\"><a name=\"x-http://topology.health/CodeSystem/common-colors-YELLOW\"> </a>\u00a0\u00a0<a href=\"CodeSystem-common-colors.html#common-colors-YELLOW\">YELLOW</a></td><td>http://topology.health/CodeSystem/common-colors</td><td>Yellow</td><td>The color yellow</td></tr><tr><td style=\"white-space:nowrap\"><a name=\"x-http://topology.health/CodeSystem/common-colors-PURPLE\"> </a>\u00a0\u00a0<a href=\"CodeSystem-common-colors.html#common-colors-PURPLE\">PURPLE</a></td><td>http://topology.health/CodeSystem/common-colors</td><td>Purple</td><td>The color purple</td></tr><tr><td style=\"white-space:nowrap\"><a name=\"x-http://topology.health/CodeSystem/common-colors-ORANGE\"> </a>\u00a0\u00a0<a href=\"CodeSystem-common-colors.html#common-colors-ORANGE\">ORANGE</a></td><td>http://topology.health/CodeSystem/common-colors</td><td>Orange</td><td>The color orange</td></tr><tr><td style=\"white-space:nowrap\"><a name=\"x-http://topology.health/CodeSystem/common-colors-PINK\"> </a>\u00a0\u00a0<a href=\"CodeSystem-common-colors.html#common-colors-PINK\">PINK</a></td><td>http://topology.health/CodeSystem/common-colors</td><td>Pink</td><td>The color pink</td></tr><tr><td style=\"white-space:nowrap\"><a name=\"x-http://topology.health/CodeSystem/common-colors-BROWN\"> </a>\u00a0\u00a0<a href=\"CodeSystem-common-colors.html#common-colors-BROWN\">BROWN</a></td><td>http://topology.health/CodeSystem/common-colors</td><td>Brown</td><td>The color brown</td></tr><tr><td style=\"white-space:nowrap\"><a name=\"x-http://topology.health/CodeSystem/common-colors-BLACK\"> </a>\u00a0\u00a0<a href=\"CodeSystem-common-colors.html#common-colors-BLACK\">BLACK</a></td><td>http://topology.health/CodeSystem/common-colors</td><td>Black</td><td>The color black</td></tr><tr><td style=\"white-space:nowrap\"><a name=\"x-http://topology.health/CodeSystem/common-colors-WHITE\"> </a>\u00a0\u00a0<a href=\"CodeSystem-common-colors.html#common-colors-WHITE\">WHITE</a></td><td>http://topology.health/CodeSystem/common-colors</td><td>White</td><td>The color white</td></tr></table></div>"
      },
      "url" : "http://topology.health/ValueSet/favorite-colors",
      "version" : "0.1.0",
      "name" : "FavoriteColors",
      "title" : "Favorite Colors",
      "status" : "active",
      "experimental" : true,
      "date" : "2024-01-01",
      "expansion" : {
        "identifier" : "urn:uuid:490a91df-ae4d-4c1b-8285-77f1d4832db9",
        "timestamp" : "2025-09-18T12:32:52+00:00",
        "total" : 10,
        "offset" : 0,
        "parameter" : [{
          "name" : "count",
          "valueInteger" : 1000
        },
        {
          "name" : "offset",
          "valueInteger" : 0
        },
        {
          "name" : "excludeNested",
          "valueBoolean" : false
        },
        {
          "name" : "used-codesystem",
          "valueUri" : "http://topology.health/CodeSystem/common-colors|0.1.0"
        }],
        "contains" : [{
          "system" : "http://topology.health/CodeSystem/common-colors",
          "code" : "RED",
          "display" : "Red"
        },
        {
          "system" : "http://topology.health/CodeSystem/common-colors",
          "code" : "BLUE",
          "display" : "Blue"
        },
        {
          "system" : "http://topology.health/CodeSystem/common-colors",
          "code" : "GREEN",
          "display" : "Green"
        },
        {
          "system" : "http://topology.health/CodeSystem/common-colors",
          "code" : "YELLOW",
          "display" : "Yellow"
        },
        {
          "system" : "http://topology.health/CodeSystem/common-colors",
          "code" : "PURPLE",
          "display" : "Purple"
        },
        {
          "system" : "http://topology.health/CodeSystem/common-colors",
          "code" : "ORANGE",
          "display" : "Orange"
        },
        {
          "system" : "http://topology.health/CodeSystem/common-colors",
          "code" : "PINK",
          "display" : "Pink"
        },
        {
          "system" : "http://topology.health/CodeSystem/common-colors",
          "code" : "BROWN",
          "display" : "Brown"
        },
        {
          "system" : "http://topology.health/CodeSystem/common-colors",
          "code" : "BLACK",
          "display" : "Black"
        },
        {
          "system" : "http://topology.health/CodeSystem/common-colors",
          "code" : "WHITE",
          "display" : "White"
        }]
      }
    }
  }]
}