<?xml version="1.0" encoding="UTF-8"?>

<Patient xmlns="http://hl7.org/fhir">
  <id value="PatientExample"/>
  <meta>
    <profile value="http://topology.health/StructureDefinition/MyPatient"/>
  </meta>
  <text>
    <status value="generated"/><div xmlns="http://www.w3.org/1999/xhtml"><p class="res-header-id"><b>Generated Narrative: Patient PatientExample</b></p><a name="PatientExample"> </a><a name="hcPatientExample"> </a><div style="display: inline-block; background-color: #d9e0e7; padding: 6px; margin: 4px; border: 1px solid #8da1b4; border-radius: 5px; line-height: 60%"><p style="margin-bottom: 0px"/><p style="margin-bottom: 0px">Profile: <a href="StructureDefinition-MyPatient.html">MyPatient</a></p></div><p style="border: 1px #661aff solid; background-color: #e6e6ff; padding: 10px;">James Pond  (no stated gender), DoB Unknown</p><hr/><table class="grid"><tr><td style="background-color: #f3f5da" title="An extension to capture the patient's favorite color preference."><a href="StructureDefinition-patient-favorite-color.html">Patient Favorite Color</a></td><td colspan="3"><span title="Codes:{http://example.org/fhir/CodeSystem/common-colors BLUE}">Blue</span></td></tr></table></div>
  </text>
  <extension url="http://topology.health/StructureDefinition/patient-favorite-color">
    <valueCodeableConcept>
      <coding>
        <system value="http://example.org/fhir/CodeSystem/common-colors"/>
        <code value="BLUE"/>
        <display value="Blue"/>
      </coding>
    </valueCodeableConcept>
  </extension>
  <name>
    <family value="Pond"/>
    <given value="James"/>
  </name>
</Patient>