{
  "codeSystems" : [
    {
      "url" : "http://topology.health/ValueSet/favorite-colors",
      "version" : "0.1.0",
      "status" : "active",
      "name" : "FavoriteColors",
      "title" : "Favorite Colors",
      "description" : "A value set containing common colors that can be used to specify a patient's favorite color.",
      "systems" : ["http://topology.health/CodeSystem/common-colors"],
      "uses" : {
      },
      "StructureDefinition-patient-favorite-color.html" : "Patient Favorite Color"
    }
  ]
}
